Trial	time_stamp	mXpixel	mYpixel	mXnorm	mYnorm	tXpixel	tYpixel	tXnorm	tYnorm	event
1	1026.36	226	175	-0.548	0.65	358	502	-0.284971	-0.00453176
1	1026.37	226	178	-0.548	0.644	358	502	-0.284977	-0.00454617
1	1026.38	226	180	-0.548	0.64	357	503	-0.285314	-0.00536928
1	1026.41	226	180	-0.548	0.64	357	504	-0.285705	-0.00707846
1	1026.42	226	183	-0.548	0.634	357	504	-0.285707	-0.00711002
1	1026.43	224	191	-0.552	0.618	357	504	-0.285754	-0.00802879
1	1026.46	223	197	-0.554	0.606	357	505	-0.28533	-0.00974064
1	1026.47	223	202	-0.554	0.596	357	505	-0.28531	-0.00981817
1	1026.48	224	206	-0.552	0.588	357	505	-0.28509	-0.010636
1	1026.51	225	208	-0.55	0.584	357	506	-0.285276	-0.0122834
1	1026.52	225	208	-0.55	0.584	357	506	-0.285297	-0.0123264
1	1026.53	227	211	-0.546	0.578	357	507	-0.285712	-0.0131222
1	1026.57	230	214	-0.54	0.572	357	507	-0.28697	-0.0143734
1	1026.57	235	221	-0.53	0.558	357	507	-0.286988	-0.0143723
1	1026.58	240	230	-0.52	0.54	356	507	-0.287882	-0.014322
1	1026.6	247	242	-0.506	0.516	355	507	-0.289668	-0.0143811
1	1026.63	277	286	-0.446	0.428	355	507	-0.289698	-0.0143847
1	1026.63	311	350	-0.378	0.3	355	507	-0.290566	-0.0144896
1	1026.65	317	372	-0.366	0.256	354	507	-0.292069	-0.0135056
1	1026.68	324	397	-0.352	0.206	354	507	-0.292131	-0.013509
1	1026.68	329	417	-0.342	0.166	354	507	-0.292946	-0.0137073
1	1026.71	335	437	-0.33	0.126	353	507	-0.293909	-0.0141471
1	1026.72	337	456	-0.326	0.088	353	508	-0.294376	-0.0156358
1	1026.75	344	478	-0.312	0.044	353	508	-0.294396	-0.0156853
1	1026.75	351	502	-0.298	-0.004	353	508	-0.294734	-0.0164598
1	1026.78	357	521	-0.286	-0.042	352	509	-0.295662	-0.017942
1	1026.78	360	532	-0.28	-0.064	352	509	-0.295694	-0.0179786
1	1026.8	360	537	-0.28	-0.074	352	510	-0.296742	-0.0193545
1	1026.83	363	546	-0.274	-0.092	352	510	-0.296768	-0.0193949
1	1026.83	367	556	-0.266	-0.112	351	510	-0.298087	-0.0202085
1	1026.86	367	563	-0.266	-0.126	351	510	-0.298134	-0.02021
1	1026.87	367	571	-0.266	-0.142	350	510	-0.299812	-0.0206113
1	1026.9	367	582	-0.266	-0.164	350	510	-0.299839	-0.0206254
1	1026.9	367	596	-0.266	-0.192	350	511	-0.300645	-0.021041
1	1026.92	367	605	-0.266	-0.21	350	511	-0.300846	-0.0227941
1	1026.95	368	609	-0.264	-0.218	350	511	-0.300848	-0.0228249
1	1026.95	368	609	-0.264	-0.218	349	512	-0.301883	-0.0242233
1	1026.97	369	609	-0.262	-0.218	349	512	-0.301923	-0.0242747
1	1027.0	369	609	-0.262	-0.218	349	513	-0.302416	-0.0259299
1	1027.0	371	606	-0.258	-0.212	349	513	-0.302434	-0.0259922
1	1027.02	371	605	-0.258	-0.21	349	513	-0.302746	-0.0268089
1	1027.05	371	601	-0.258	-0.202	348	514	-0.30306	-0.0285313
1	1027.05	371	596	-0.258	-0.192	348	514	-0.303057	-0.0285783
1	1027.07	371	591	-0.258	-0.182	348	515	-0.303006	-0.0294339
1	1027.1	369	586	-0.262	-0.172	349	515	-0.301954	-0.0308389
1	1027.1	367	582	-0.266	-0.164	349	515	-0.301914	-0.0308884
1	1027.12	363	579	-0.274	-0.158	349	516	-0.301496	-0.0316509
1	1027.15	362	578	-0.276	-0.156	350	517	-0.300797	-0.0332848
1	1027.15	361	577	-0.278	-0.154	350	517	-0.300778	-0.0333471
1	1027.17	358	574	-0.284	-0.148	350	517	-0.300527	-0.0341604
1	1027.2	357	571	-0.286	-0.142	350	518	-0.300253	-0.0359138
1	1027.2	354	566	-0.292	-0.132	350	518	-0.300246	-0.0359613
1	1027.22	353	564	-0.294	-0.128	350	518	-0.300082	-0.036829
1	1027.25	352	561	-0.296	-0.122	350	519	-0.299259	-0.0382126
1	1027.25	352	561	-0.296	-0.122	350	519	-0.299232	-0.0382284
1	1027.27	352	559	-0.296	-0.118	351	519	-0.298445	-0.0386922
1	1027.3	352	557	-0.296	-0.114	351	520	-0.297202	-0.0399357
1	1027.3	352	555	-0.296	-0.11	351	520	-0.297179	-0.0399593
1	1027.32	352	554	-0.296	-0.108	352	520	-0.296347	-0.0399348
1	1027.35	352	551	-0.296	-0.102	352	520	-0.295065	-0.039087
1	1027.35	352	550	-0.296	-0.1	352	520	-0.295055	-0.0390582
1	1027.37	352	546	-0.296	-0.092	353	519	-0.294754	-0.0382076
1	1027.4	352	545	-0.296	-0.09	353	518	-0.293945	-0.0366358
1	1027.4	352	541	-0.296	-0.082	353	518	-0.293927	-0.0366007
1	1027.42	352	540	-0.296	-0.08	353	518	-0.293615	-0.0357708
1	1027.45	352	539	-0.296	-0.078	354	517	-0.292742	-0.0342587
1	1027.45	352	537	-0.296	-0.074	354	517	-0.292719	-0.0342378
1	1027.47	352	536	-0.296	-0.072	354	517	-0.292052	-0.033646
1	1027.5	354	534	-0.292	-0.068	355	516	-0.290593	-0.032675
1	1027.5	354	534	-0.292	-0.068	355	516	-0.290553	-0.0326491
1	1027.52	355	532	-0.29	-0.064	355	516	-0.289695	-0.0325723
1	1027.54	356	529	-0.288	-0.058	356	516	-0.287986	-0.0323193
1	1027.55	356	529	-0.288	-0.058	356	516	-0.287956	-0.0323046
1	1027.58	357	525	-0.286	-0.05	356	516	-0.287152	-0.031906
1	1027.58	359	523	-0.282	-0.046	357	516	-0.285432	-0.0315682
1	1027.6	359	522	-0.282	-0.044	357	516	-0.285383	-0.0315604
1	1027.63	359	521	-0.282	-0.042	358	516	-0.284694	-0.0319997
1	1027.63	359	521	-0.282	-0.042	358	516	-0.283959	-0.0327384
1	1027.65	359	520	-0.282	-0.04	358	517	-0.283438	-0.0332734
1	1027.68	359	520	-0.282	-0.04	359	517	-0.282139	-0.034518
1	1027.68	360	517	-0.28	-0.034	359	517	-0.282115	-0.0345379
1	1027.7	360	517	-0.28	-0.034	359	518	-0.281448	-0.0351019
1	1027.73	360	516	-0.28	-0.032	360	518	-0.280079	-0.0362301
1	1027.73	360	516	-0.28	-0.032	360	518	-0.280054	-0.0362501
1	1027.75	360	516	-0.28	-0.032	360	519	-0.279804	-0.0370474
1	1027.78	360	516	-0.28	-0.032	360	519	-0.279365	-0.0387088
1	1027.78	360	515	-0.28	-0.03	360	519	-0.279312	-0.0387873
1	1027.8	360	515	-0.28	-0.03	361	520	-0.278841	-0.039481
1	1027.83	360	515	-0.28	-0.03	361	520	-0.277799	-0.0409169
1	1027.83	360	515	-0.28	-0.03	361	520	-0.27777	-0.0409572
1	1027.85	360	515	-0.28	-0.03	361	521	-0.277721	-0.0417735
1	1027.88	360	515	-0.28	-0.03	361	522	-0.278274	-0.0434077
1	1027.88	360	515	-0.28	-0.03	361	522	-0.278313	-0.0434578
1	1027.9	360	515	-0.28	-0.03	361	522	-0.278846	-0.044143
1	1027.92	360	515	-0.28	-0.03	360	523	-0.279578	-0.0457445
1	1027.93	360	515	-0.28	-0.03	360	523	-0.27959	-0.045773
1	1027.97	360	515	-0.28	-0.03	360	523	-0.280283	-0.0461909
1	1027.97	360	515	-0.28	-0.03	359	524	-0.281671	-0.0470326
1	1027.98	360	515	-0.28	-0.03	359	524	-0.281683	-0.047061
1	1028.02	360	515	-0.28	-0.03	359	524	-0.282036	-0.0478898	Sucessful_selection
2	1028.02	360	515	-0.28	-0.03	68	700	-0.864566	-0.399645
2	1028.03	360	515	-0.28	-0.03	68	700	-0.863917	-0.399254
2	1028.07	360	516	-0.28	-0.032	69	699	-0.86249	-0.39819
2	1028.07	359	520	-0.282	-0.04	69	699	-0.862478	-0.398181
2	1028.08	359	520	-0.282	-0.04	69	699	-0.861935	-0.397463
2	1028.12	359	520	-0.282	-0.04	69	698	-0.861506	-0.395881
2	1028.12	359	520	-0.282	-0.04	69	698	-0.861519	-0.395837
2	1028.13	359	520	-0.282	-0.04	69	697	-0.861771	-0.394981
2	1028.17	359	520	-0.282	-0.04	69	697	-0.862963	-0.39373
2	1028.17	359	520	-0.282	-0.04	68	697	-0.863011	-0.393688
2	1028.18	359	520	-0.282	-0.04	68	697	-0.863772	-0.393332
2	1028.22	359	520	-0.282	-0.04	67	696	-0.865381	-0.392625
2	1028.22	359	520	-0.282	-0.04	67	696	-0.865418	-0.392596
2	1028.23	359	520	-0.282	-0.04	67	696	-0.866112	-0.392047
2	1028.27	359	520	-0.282	-0.04	66	696	-0.867708	-0.391314
2	1028.27	359	520	-0.282	-0.04	66	696	-0.867737	-0.391303
2	1028.28	359	520	-0.282	-0.04	66	695	-0.86844	-0.390767
2	1028.32	360	521	-0.28	-0.042	65	695	-0.869719	-0.389549
2	1028.32	360	521	-0.28	-0.042	65	695	-0.869743	-0.38953
2	1028.33	359	521	-0.282	-0.042	65	694	-0.870446	-0.388992
2	1028.37	349	532	-0.302	-0.064	64	694	-0.871433	-0.38752
2	1028.37	318	566	-0.364	-0.132	64	694	-0.871449	-0.387492
2	1028.4	281	602	-0.438	-0.204	64	694	-0.872138	-0.387037
2	1028.4	232	638	-0.536	-0.276	63	693	-0.873666	-0.386245
2	1028.43	177	668	-0.646	-0.336	63	693	-0.873686	-0.386222
2	1028.43	127	691	-0.746	-0.382	63	693	-0.874251	-0.385521
2	1028.45	86	703	-0.828	-0.406	63	692	-0.874839	-0.38385
2	1028.47	65	708	-0.87	-0.416	63	692	-0.874851	-0.383803
2	1028.5	55	709	-0.89	-0.418	62	691	-0.87619	-0.382879
2	1028.5	54	709	-0.892	-0.418	62	691	-0.876232	-0.382858
2	1028.52	54	709	-0.892	-0.418	61	691	-0.877288	-0.381511
2	1028.55	54	709	-0.892	-0.418	61	691	-0.877315	-0.381468
2	1028.55	54	707	-0.892	-0.414	61	690	-0.877428	-0.380639
2	1028.57	54	704	-0.892	-0.408	61	690	-0.877296	-0.3797
2	1028.6	54	701	-0.892	-0.402	62	689	-0.876723	-0.378078
2	1028.6	55	699	-0.89	-0.398	62	689	-0.876704	-0.378033
2	1028.62	57	695	-0.886	-0.39	62	689	-0.876249	-0.377301
2	1028.65	59	690	-0.882	-0.38	62	688	-0.87505	-0.376026
2	1028.65	62	686	-0.876	-0.372	62	688	-0.875011	-0.375999
2	1028.67	62	686	-0.876	-0.372	63	688	-0.874266	-0.375488
2	1028.7	62	686	-0.876	-0.372	64	688	-0.872656	-0.375722
2	1028.7	62	686	-0.876	-0.372	64	688	-0.872626	-0.375732
2	1028.72	63	685	-0.874	-0.37	64	688	-0.871945	-0.376266
2	1028.75	66	682	-0.868	-0.364	65	689	-0.870868	-0.377694
2	1028.75	70	678	-0.86	-0.356	65	689	-0.870839	-0.37773
2	1028.77	71	676	-0.858	-0.352	65	689	-0.870311	-0.378407
2	1028.8	71	676	-0.858	-0.352	66	690	-0.868728	-0.379027
2	1028.8	71	676	-0.858	-0.352	66	690	-0.868698	-0.379034
2	1028.82	71	676	-0.858	-0.352	66	689	-0.867842	-0.378976
2	1028.83	71	676	-0.858	-0.352	67	689	-0.866253	-0.37821
2	1028.85	71	676	-0.858	-0.352	67	689	-0.866219	-0.378174
2	1028.88	71	676	-0.858	-0.352	67	688	-0.865424	-0.37591
2	1028.88	71	676	-0.858	-0.352	67	688	-0.865427	-0.375864
2	1028.9	71	676	-0.858	-0.352	67	688	-0.865781	-0.375117
2	1028.93	71	676	-0.858	-0.352	67	687	-0.866459	-0.374473
2	1028.93	71	676	-0.858	-0.352	67	687	-0.866683	-0.373743
2	1028.97	71	680	-0.858	-0.36	67	686	-0.866728	-0.372118
2	1028.97	71	681	-0.858	-0.362	67	686	-0.866762	-0.372084
2	1028.98	71	681	-0.858	-0.362	66	686	-0.867386	-0.371458
2	1029.02	71	681	-0.858	-0.362	65	686	-0.869022	-0.371064
2	1029.02	71	681	-0.858	-0.362	65	686	-0.869038	-0.371063
2	1029.03	71	681	-0.858	-0.362	65	686	-0.870598	-0.371773
2	1029.07	71	681	-0.858	-0.362	65	686	-0.870651	-0.371809
2	1029.07	71	681	-0.858	-0.362	64	686	-0.871225	-0.372425
2	1029.08	71	681	-0.858	-0.362	64	687	-0.872228	-0.373863
2	1029.12	71	681	-0.858	-0.362	64	687	-0.872266	-0.373893
2	1029.12	71	681	-0.858	-0.362	64	687	-0.872963	-0.374434
2	1029.13	71	681	-0.858	-0.362	63	687	-0.874573	-0.374309
2	1029.17	71	681	-0.858	-0.362	63	687	-0.874603	-0.374299
2	1029.17	71	681	-0.858	-0.362	62	687	-0.875375	-0.373894
2	1029.18	71	681	-0.858	-0.362	62	686	-0.876544	-0.37266
2	1029.22	71	681	-0.858	-0.362	62	686	-0.876556	-0.372596
2	1029.22	71	681	-0.858	-0.362	62	686	-0.876715	-0.371744
2	1029.23	70	682	-0.86	-0.364	61	685	-0.877976	-0.370739
2	1029.27	70	682	-0.86	-0.364	61	685	-0.87802	-0.37072
2	1029.27	69	682	-0.862	-0.364	61	685	-0.878785	-0.370297
2	1029.28	69	682	-0.862	-0.364	60	685	-0.880295	-0.369373
2	1029.32	68	682	-0.864	-0.364	60	685	-0.880325	-0.369367
2	1029.32	66	683	-0.868	-0.366	59	685	-0.881173	-0.369177
2	1029.33	65	684	-0.87	-0.368	59	685	-0.882701	-0.36981
2	1029.37	64	685	-0.872	-0.37	59	685	-0.882726	-0.369828
2	1029.37	61	688	-0.878	-0.376	58	685	-0.883501	-0.37012
2	1029.38	61	688	-0.878	-0.376	57	685	-0.885179	-0.369811
2	1029.42	61	688	-0.878	-0.376	57	685	-0.885225	-0.369767
2	1029.42	61	688	-0.878	-0.376	57	685	-0.885841	-0.369162
2	1029.43	61	688	-0.878	-0.376	56	684	-0.887385	-0.368358
2	1029.47	58	687	-0.884	-0.374	56	684	-0.887445	-0.368336
2	1029.47	57	684	-0.886	-0.368	56	684	-0.888274	-0.368175
2	1029.48	56	682	-0.888	-0.364	55	684	-0.889903	-0.368532
2	1029.52	54	679	-0.892	-0.358	55	684	-0.889918	-0.368559
2	1029.52	54	679	-0.892	-0.358	55	685	-0.890362	-0.369329
2	1029.53	54	679	-0.892	-0.358	54	685	-0.891474	-0.370734
2	1029.57	54	679	-0.892	-0.358	54	685	-0.891495	-0.370757
2	1029.57	54	679	-0.892	-0.358	54	686	-0.892202	-0.371209
2	1029.58	54	679	-0.892	-0.358	53	686	-0.89397	-0.371396
2	1029.6	54	679	-0.892	-0.358	53	686	-0.894001	-0.371395
2	1029.62	54	679	-0.892	-0.358	53	686	-0.89487	-0.371355
2	1029.63	54	679	-0.892	-0.358	52	686	-0.89628	-0.372183
2	1029.67	54	679	-0.892	-0.358	52	686	-0.896311	-0.372216
2	1029.67	54	679	-0.892	-0.358	52	686	-0.896909	-0.372862
2	1029.68	54	679	-0.892	-0.358	51	687	-0.897494	-0.373539
2	1029.72	54	679	-0.892	-0.358	51	687	-0.898118	-0.374173	Sucessful_selection
3	1029.72	54	679	-0.892	-0.358	88	376	-0.824776	0.247752
3	1029.73	54	679	-0.892	-0.358	87	376	-0.826253	0.247208
3	1029.77	54	679	-0.892	-0.358	87	376	-0.826277	0.247189
3	1029.77	54	679	-0.892	-0.358	87	377	-0.826994	0.24667
3	1029.78	54	679	-0.892	-0.358	86	377	-0.828518	0.245765
3	1029.82	54	679	-0.892	-0.358	86	377	-0.828552	0.245732
3	1029.82	56	679	-0.888	-0.358	85	377	-0.829184	0.245111
3	1029.83	63	681	-0.874	-0.362	85	378	-0.830581	0.244022
3	1029.87	80	681	-0.84	-0.362	85	378	-0.830606	0.244005
3	1029.87	115	686	-0.77	-0.372	84	378	-0.831361	0.24352
3	1029.88	159	686	-0.682	-0.372	84	379	-0.832878	0.242605
3	1029.92	197	686	-0.606	-0.372	84	379	-0.832912	0.24257
3	1029.92	250	679	-0.5	-0.358	83	379	-0.833537	0.241943
3	1029.93	279	676	-0.442	-0.352	83	380	-0.83456	0.240486
3	1029.97	304	669	-0.392	-0.338	83	380	-0.834593	0.240429
3	1029.97	324	658	-0.352	-0.316	83	380	-0.834958	0.239662
3	1029.98	341	647	-0.318	-0.294	82	381	-0.835496	0.237967
3	1030.02	359	634	-0.282	-0.268	82	381	-0.83553	0.237895
3	1030.02	374	621	-0.252	-0.242	82	381	-0.835881	0.237149
3	1030.05	384	608	-0.232	-0.216	82	382	-0.836839	0.235649
3	1030.05	394	593	-0.212	-0.186	82	382	-0.836869	0.235609
3	1030.08	398	579	-0.204	-0.158	81	383	-0.837448	0.234966
3	1030.09	402	566	-0.196	-0.132	81	383	-0.83876	0.233857
3	1030.1	407	553	-0.186	-0.106	81	383	-0.838766	0.23381
3	1030.13	411	539	-0.178	-0.078	81	384	-0.838822	0.232157
3	1030.14	412	508	-0.176	-0.016	81	384	-0.838785	0.232127
3	1030.17	405	486	-0.19	0.028	81	385	-0.837484	0.230974
3	1030.17	392	464	-0.216	0.072	81	385	-0.83745	0.230921
3	1030.2	375	439	-0.25	0.122	82	385	-0.836978	0.230175
3	1030.2	355	416	-0.29	0.168	82	385	-0.835585	0.229247
3	1030.23	332	392	-0.336	0.216	82	385	-0.83554	0.229233
3	1030.24	309	375	-0.382	0.25	83	386	-0.834265	0.228162
3	1030.25	292	363	-0.416	0.274	83	386	-0.834247	0.228137
3	1030.28	268	351	-0.464	0.298	83	387	-0.833144	0.226761
3	1030.29	248	341	-0.504	0.318	83	387	-0.833103	0.226712
3	1030.3	229	335	-0.542	0.33	84	387	-0.832159	0.225251
3	1030.32	207	325	-0.586	0.35	84	387	-0.832137	0.225208
3	1030.35	197	321	-0.606	0.358	84	388	-0.831631	0.224502
3	1030.35	189	321	-0.622	0.358	85	388	-0.830098	0.223724
3	1030.37	182	321	-0.636	0.358	85	388	-0.830084	0.223678
3	1030.4	174	322	-0.652	0.356	85	389	-0.829819	0.222833
3	1030.4	167	324	-0.666	0.352	85	389	-0.829326	0.222027
3	1030.42	158	325	-0.684	0.35	86	389	-0.827809	0.221471
3	1030.45	153	327	-0.694	0.346	86	389	-0.827746	0.221477
3	1030.45	147	329	-0.706	0.342	87	389	-0.826865	0.221561
3	1030.48	140	333	-0.72	0.334	87	389	-0.825651	0.222556
3	1030.49	134	338	-0.732	0.324	87	389	-0.825623	0.222613
3	1030.52	129	343	-0.742	0.314	87	388	-0.825361	0.223372
3	1030.52	124	352	-0.752	0.296	87	388	-0.826053	0.224961
3	1030.54	122	357	-0.756	0.286	87	387	-0.826029	0.225002
3	1030.57	122	361	-0.756	0.278	87	387	-0.825153	0.22653
3	1030.57	122	365	-0.756	0.27	87	387	-0.825141	0.226558
3	1030.59	121	367	-0.758	0.266	88	386	-0.824453	0.228145
3	1030.62	121	367	-0.758	0.266	88	386	-0.824413	0.228169
3	1030.62	119	369	-0.762	0.262	88	386	-0.823637	0.228622
3	1030.64	118	371	-0.764	0.258	89	386	-0.822012	0.228705
3	1030.67	118	371	-0.764	0.258	89	386	-0.821982	0.228695
3	1030.67	118	372	-0.764	0.256	89	386	-0.821182	0.228368
3	1030.69	117	373	-0.766	0.254	90	387	-0.820115	0.226958
3	1030.72	117	373	-0.766	0.254	90	387	-0.820099	0.226913
3	1030.72	117	373	-0.766	0.254	90	387	-0.819805	0.22608
3	1030.73	117	373	-0.766	0.254	90	388	-0.819787	0.224398
3	1030.75	115	374	-0.77	0.252	90	388	-0.819804	0.224334
3	1030.77	115	374	-0.77	0.252	90	388	-0.820092	0.223544
3	1030.8	113	375	-0.774	0.25	89	389	-0.821705	0.222834
3	1030.8	113	375	-0.774	0.25	89	389	-0.821752	0.222835
3	1030.82	112	376	-0.776	0.248	89	389	-0.82262	0.222857
3	1030.85	111	377	-0.778	0.246	88	389	-0.823663	0.222934
3	1030.85	110	377	-0.78	0.246	88	389	-0.823663	0.222934
3	1030.87	108	378	-0.784	0.244	88	388	-0.824407	0.223151
3	1030.9	107	380	-0.786	0.24	87	388	-0.826126	0.223324
3	1030.9	103	384	-0.794	0.232	87	388	-0.826174	0.223321
3	1030.92	101	386	-0.798	0.228	86	388	-0.827051	0.223288
3	1030.95	99	387	-0.802	0.226	86	388	-0.828558	0.22423
3	1030.95	97	388	-0.806	0.224	86	388	-0.828603	0.224214
3	1030.97	97	388	-0.806	0.224	85	388	-0.829452	0.223904
3	1031.0	97	388	-0.806	0.224	85	389	-0.830718	0.222809
3	1031.0	95	388	-0.81	0.224	85	389	-0.830743	0.222768
3	1031.02	95	388	-0.81	0.224	84	389	-0.831207	0.222058
3	1031.05	94	388	-0.812	0.224	84	389	-0.832965	0.221832
3	1031.05	93	388	-0.814	0.224	84	389	-0.832994	0.221844
3	1031.07	93	388	-0.814	0.224	83	389	-0.833791	0.222186
3	1031.09	92	388	-0.816	0.224	83	388	-0.834874	0.223397
3	1031.1	92	388	-0.816	0.224	83	388	-0.834893	0.223458
3	1031.14	90	388	-0.82	0.224	82	388	-0.835148	0.224275
3	1031.14	89	388	-0.822	0.224	82	387	-0.835707	0.225957
3	1031.15	89	388	-0.822	0.224	82	387	-0.835721	0.225985
3	1031.19	88	388	-0.824	0.224	82	387	-0.836227	0.226722
3	1031.19	87	388	-0.826	0.224	82	386	-0.836917	0.227442
3	1031.2	87	388	-0.826	0.224	81	386	-0.837645	0.227386
3	1031.24	87	388	-0.826	0.224	80	386	-0.839295	0.227785
3	1031.24	87	388	-0.826	0.224	80	386	-0.83935	0.227818
3	1031.25	87	388	-0.826	0.224	80	386	-0.84008	0.228261
3	1031.29	87	388	-0.826	0.224	79	385	-0.841671	0.229045
3	1031.29	87	388	-0.826	0.224	79	385	-0.84173	0.22905
3	1031.3	87	388	-0.826	0.224	79	386	-0.842555	0.22879
3	1031.32	84	387	-0.832	0.226	78	386	-0.844248	0.228258
3	1031.34	84	386	-0.832	0.228	78	386	-0.844292	0.228244
3	1031.37	84	386	-0.832	0.228	77	386	-0.845134	0.22798
3	1031.37	84	386	-0.832	0.228	77	386	-0.846637	0.227038
3	1031.39	84	386	-0.832	0.228	77	386	-0.846676	0.227013
3	1031.42	84	386	-0.832	0.228	77	387	-0.84674	0.226132
3	1031.42	83	385	-0.834	0.23	77	387	-0.846808	0.225207
3	1031.44	83	385	-0.834	0.23	76	388	-0.847045	0.22436
3	1031.47	83	385	-0.834	0.23	76	389	-0.847969	0.222955
3	1031.47	83	385	-0.834	0.23	76	389	-0.847994	0.222936
3	1031.49	83	385	-0.834	0.23	76	389	-0.848695	0.222402
3	1031.52	82	384	-0.836	0.232	75	389	-0.850483	0.222212
3	1031.52	79	383	-0.842	0.234	75	389	-0.850514	0.222209
3	1031.54	78	382	-0.844	0.236	74	389	-0.8512	0.221659
3	1031.57	78	382	-0.844	0.236	74	389	-0.852729	0.22128
3	1031.57	77	381	-0.846	0.238	74	389	-0.852761	0.221288
3	1031.59	75	381	-0.85	0.238	73	389	-0.853611	0.221521
3	1031.62	75	381	-0.85	0.238	73	388	-0.854285	0.223163
3	1031.62	74	382	-0.852	0.236	73	388	-0.854296	0.223192
3	1031.64	74	382	-0.852	0.236	72	388	-0.855114	0.223483
3	1031.67	74	382	-0.852	0.236	72	388	-0.856733	0.223345
3	1031.67	74	382	-0.852	0.236	72	388	-0.85676	0.223329
3	1031.69	74	382	-0.852	0.236	71	389	-0.857525	0.222866
3	1031.72	73	383	-0.854	0.234	70	389	-0.859265	0.222523
3	1031.72	74	384	-0.852	0.232	70	389	-0.859313	0.222514
3	1031.75	74	385	-0.852	0.23	70	389	-0.86011	0.222181
3	1031.75	74	386	-0.852	0.228	69	389	-0.861709	0.221407
3	1031.77	74	386	-0.852	0.228	69	389	-0.861736	0.221391
3	1031.8	74	386	-0.852	0.228	69	390	-0.862513	0.220959
3	1031.8	74	386	-0.852	0.228	68	390	-0.863003	0.219265
3	1031.82	74	386	-0.852	0.228	68	390	-0.863015	0.219218
3	1031.84	74	386	-0.852	0.228	69	391	-0.862041	0.217795
3	1031.85	74	386	-0.852	0.228	69	391	-0.862014	0.217757
3	1031.89	74	386	-0.852	0.228	69	392	-0.861933	0.216898
3	1031.89	73	387	-0.854	0.226	69	392	-0.862385	0.215283
3	1031.9	73	388	-0.854	0.224	69	392	-0.862405	0.215259
3	1031.94	73	390	-0.854	0.22	69	393	-0.862961	0.214588
3	1031.94	73	390	-0.854	0.22	68	393	-0.86374	0.213907
3	1031.95	73	390	-0.854	0.22	68	393	-0.864336	0.213408	Sucessful_selection
4	1031.99	73	390	-0.854	0.22	47	47	-0.90519	0.905478
4	1031.99	73	390	-0.854	0.22	47	47	-0.90522	0.905486
4	1032.0	73	391	-0.854	0.218	47	47	-0.905977	0.9051
4	1032.04	73	391	-0.854	0.218	47	48	-0.906834	0.903795
4	1032.04	73	391	-0.854	0.218	47	48	-0.906833	0.903745
4	1032.05	73	393	-0.854	0.214	47	49	-0.906814	0.902874
4	1032.09	73	396	-0.854	0.208	46	49	-0.907046	0.901104
4	1032.09	76	402	-0.848	0.196	46	49	-0.907049	0.901085
4	1032.1	79	403	-0.842	0.194	46	50	-0.907303	0.900226
4	1032.14	86	403	-0.828	0.194	46	51	-0.907728	0.898511
4	1032.14	95	404	-0.81	0.192	46	51	-0.907735	0.898464
4	1032.17	104	404	-0.792	0.192	46	51	-0.907861	0.897568
4	1032.17	114	400	-0.772	0.2	45	52	-0.909392	0.896811
4	1032.2	124	394	-0.752	0.212	45	52	-0.909436	0.896793
4	1032.2	139	388	-0.722	0.224	45	52	-0.909776	0.896022
4	1032.22	154	385	-0.692	0.23	45	53	-0.909801	0.894327
4	1032.25	168	385	-0.664	0.23	45	53	-0.909789	0.894298
4	1032.25	181	392	-0.638	0.216	45	54	-0.909247	0.892656
4	1032.27	186	397	-0.628	0.206	45	54	-0.909238	0.892608
4	1032.3	197	416	-0.606	0.168	45	55	-0.909227	0.890907
4	1032.3	236	465	-0.528	0.07	45	55	-0.909245	0.890846
4	1032.32	266	492	-0.468	0.016	45	55	-0.909493	0.889997
4	1032.34	304	517	-0.392	-0.034	45	56	-0.910391	0.888451
4	1032.37	347	533	-0.306	-0.066	45	56	-0.910424	0.888397
4	1032.37	385	538	-0.23	-0.076	44	56	-0.911178	0.888095
4	1032.39	409	536	-0.182	-0.072	44	56	-0.912852	0.887498
4	1032.42	420	526	-0.16	-0.052	44	56	-0.912897	0.887478
4	1032.42	422	509	-0.156	-0.018	43	56	-0.91369	0.887121
4	1032.44	422	485	-0.156	0.03	43	56	-0.914604	0.887007
4	1032.47	422	485	-0.156	0.03	42	57	-0.916339	0.886995
4	1032.47	389	427	-0.222	0.146	42	57	-0.916404	0.886999
4	1032.49	377	411	-0.246	0.178	41	56	-0.917283	0.887053
4	1032.52	351	380	-0.298	0.24	41	56	-0.918955	0.887641
4	1032.52	302	328	-0.396	0.344	40	56	-0.919014	0.887664
4	1032.54	275	300	-0.45	0.4	40	56	-0.919785	0.887423
4	1032.57	248	274	-0.504	0.452	39	57	-0.921218	0.886447
4	1032.57	228	254	-0.544	0.492	39	57	-0.921283	0.886375
4	1032.59	216	240	-0.568	0.52	39	57	-0.921845	0.88575
4	1032.62	204	224	-0.592	0.552	38	57	-0.923524	0.885888
4	1032.62	193	209	-0.614	0.582	38	57	-0.923603	0.885904
4	1032.64	183	196	-0.634	0.608	38	57	-0.924436	0.886006
4	1032.67	172	185	-0.656	0.63	37	57	-0.925847	0.886703
4	1032.67	162	176	-0.676	0.648	37	57	-0.925868	0.886746
4	1032.69	156	172	-0.688	0.656	37	56	-0.926248	0.887532
4	1032.72	145	164	-0.71	0.672	36	56	-0.927873	0.887971
4	1032.72	132	155	-0.736	0.69	36	56	-0.92794	0.887981
4	1032.74	116	146	-0.768	0.708	36	56	-0.928411	0.88859
4	1032.77	116	146	-0.768	0.708	35	55	-0.929014	0.890262
4	1032.77	93	125	-0.814	0.75	35	55	-0.929023	0.89031
4	1032.79	78	106	-0.844	0.788	35	54	-0.929183	0.891152
4	1032.82	62	88	-0.876	0.824	35	54	-0.930112	0.892651
4	1032.82	46	69	-0.908	0.862	35	54	-0.930159	0.892716
4	1032.84	35	55	-0.93	0.89	35	53	-0.930125	0.893509
4	1032.87	30	49	-0.94	0.902	35	52	-0.930091	0.895158
4	1032.87	27	42	-0.946	0.916	35	52	-0.930135	0.895243
4	1032.89	25	38	-0.95	0.924	35	52	-0.930528	0.895997
4	1032.92	22	34	-0.956	0.932	34	51	-0.931716	0.897312
4	1032.92	21	33	-0.958	0.934	34	51	-0.931761	0.897358
4	1032.94	21	33	-0.958	0.934	34	51	-0.932523	0.897701
4	1032.97	21	33	-0.958	0.934	33	51	-0.934029	0.898496
4	1032.97	21	33	-0.958	0.934	33	51	-0.934072	0.898548
4	1032.99	21	33	-0.958	0.934	33	50	-0.934611	0.899212
4	1033.02	21	33	-0.958	0.934	33	50	-0.934682	0.900925
4	1033.02	21	32	-0.958	0.936	33	50	-0.93468	0.900955
4	1033.04	21	32	-0.958	0.936	33	49	-0.934139	0.901517
4	1033.07	22	30	-0.956	0.94	34	49	-0.932886	0.902626
4	1033.07	24	29	-0.952	0.942	34	49	-0.932876	0.902656
4	1033.09	24	29	-0.952	0.942	34	48	-0.932606	0.903502
4	1033.11	24	29	-0.952	0.942	34	47	-0.931923	0.905129
4	1033.12	24	29	-0.952	0.942	34	47	-0.931904	0.905171
4	1033.15	24	29	-0.952	0.942	34	47	-0.93148	0.905946
4	1033.15	26	31	-0.948	0.938	35	46	-0.930515	0.907438
4	1033.17	30	36	-0.94	0.928	35	46	-0.930497	0.907463
4	1033.2	30	36	-0.94	0.928	35	45	-0.929706	0.90915
4	1033.21	35	46	-0.93	0.908	35	45	-0.929638	0.909919
4	1033.22	36	47	-0.928	0.906	35	44	-0.930427	0.911442
4	1033.24	39	50	-0.922	0.9	35	44	-0.930454	0.911482
4	1033.25	39	50	-0.922	0.9	35	44	-0.930708	0.91232
4	1033.29	39	50	-0.922	0.9	35	43	-0.930673	0.914026
4	1033.29	40	51	-0.92	0.898	35	43	-0.930639	0.914115
4	1033.3	40	51	-0.92	0.898	35	43	-0.93034	0.914897
4	1033.34	41	50	-0.918	0.9	35	42	-0.930502	0.91593
4	1033.34	43	49	-0.914	0.902	35	42	-0.930773	0.916557
4	1033.35	44	48	-0.912	0.904	35	41	-0.930338	0.91817
4	1033.39	44	48	-0.912	0.904	35	41	-0.930311	0.918229
4	1033.39	44	48	-0.912	0.904	35	40	-0.930158	0.919053
4	1033.4	44	48	-0.912	0.904	35	40	-0.930401	0.920742
4	1033.44	44	48	-0.912	0.904	35	40	-0.930429	0.920782
4	1033.44	44	48	-0.912	0.904	35	39	-0.930927	0.921518
4	1033.45	44	48	-0.912	0.904	34	39	-0.932054	0.922881
4	1033.49	44	48	-0.912	0.904	34	39	-0.932075	0.922904
4	1033.49	44	46	-0.912	0.908	34	38	-0.932671	0.92358
4	1033.5	44	44	-0.912	0.912	33	38	-0.934002	0.924469
4	1033.54	44	42	-0.912	0.916	33	38	-0.934033	0.924463
4	1033.54	43	39	-0.914	0.922	33	38	-0.934903	0.92431
4	1033.55	43	37	-0.914	0.926	32	38	-0.935913	0.923002
4	1033.59	43	35	-0.914	0.93	32	39	-0.935926	0.922974
4	1033.59	42	34	-0.916	0.932	32	39	-0.936585	0.922499
4	1033.6	42	34	-0.916	0.932	31	39	-0.938247	0.921953
4	1033.64	42	32	-0.916	0.936	31	39	-0.938288	0.921926
4	1033.64	42	31	-0.916	0.938	30	39	-0.939037	0.921436
4	1033.65	41	30	-0.918	0.94	30	40	-0.939942	0.919962
4	1033.69	39	28	-0.922	0.944	30	40	-0.939955	0.919934
4	1033.69	38	26	-0.924	0.948	30	40	-0.940357	0.919168
4	1033.7	38	26	-0.924	0.948	30	41	-0.940987	0.917589
4	1033.74	38	26	-0.924	0.948	30	41	-0.940981	0.917543
4	1033.74	38	26	-0.924	0.948	30	42	-0.940869	0.916656
4	1033.75	38	26	-0.924	0.948	30	42	-0.939895	0.915215
4	1033.79	38	26	-0.924	0.948	30	42	-0.939884	0.915203
4	1033.79	38	26	-0.924	0.948	30	43	-0.939643	0.914434
4	1033.8	37	26	-0.926	0.948	30	44	-0.939545	0.912707
4	1033.84	35	26	-0.93	0.948	30	44	-0.939522	0.912665
4	1033.84	32	30	-0.936	0.94	30	44	-0.939096	0.911894
4	1033.85	31	31	-0.938	0.938	30	45	-0.939402	0.910291
4	1033.89	29	35	-0.942	0.93	30	45	-0.939414	0.910262
4	1033.89	28	36	-0.944	0.928	30	45	-0.939587	0.909396
4	1033.9	28	36	-0.944	0.928	30	46	-0.93964	0.907609
4	1033.94	28	36	-0.944	0.928	30	46	-0.939644	0.907578
4	1033.94	28	36	-0.944	0.928	30	47	-0.939769	0.90671
4	1033.95	28	36	-0.944	0.928	30	48	-0.939643	0.90494
4	1033.99	28	36	-0.944	0.928	30	48	-0.939638	0.90491
4	1033.99	28	36	-0.944	0.928	30	48	-0.939741	0.904082
4	1034.0	28	36	-0.944	0.928	30	49	-0.940692	0.902706
4	1034.04	28	36	-0.944	0.928	30	49	-0.940722	0.902698
4	1034.04	28	36	-0.944	0.928	29	49	-0.941576	0.902468
4	1034.05	28	36	-0.944	0.928	28	49	-0.94323	0.902886
4	1034.09	28	38	-0.944	0.924	28	49	-0.943258	0.902899
4	1034.09	29	41	-0.942	0.918	28	48	-0.943902	0.903447
4	1034.11	30	43	-0.94	0.914	28	47	-0.94448	0.90501
4	1034.14	31	47	-0.938	0.906	28	47	-0.944462	0.905054
4	1034.14	31	47	-0.938	0.906	28	47	-0.944135	0.905856
4	1034.15	31	47	-0.938	0.906	28	46	-0.944314	0.907545
4	1034.19	31	47	-0.938	0.906	28	46	-0.944337	0.907621
4	1034.19	31	47	-0.938	0.906	28	46	-0.944829	0.908221
4	1034.2	31	47	-0.938	0.906	27	46	-0.946427	0.908991
4	1034.24	31	47	-0.938	0.906	27	45	-0.946452	0.909009
4	1034.24	31	47	-0.938	0.906	26	45	-0.94718	0.909514
4	1034.25	31	47	-0.938	0.906	26	45	-0.948857	0.909865
4	1034.29	31	47	-0.938	0.906	26	45	-0.948888	0.909866
4	1034.29	31	47	-0.938	0.906	25	45	-0.949653	0.909595
4	1034.3	31	47	-0.938	0.906	25	46	-0.950816	0.908266
4	1034.34	31	47	-0.938	0.906	25	46	-0.95084	0.908248
4	1034.34	31	50	-0.938	0.9	24	46	-0.951543	0.907706
4	1034.35	32	51	-0.936	0.898	24	47	-0.951922	0.906138
4	1034.39	32	51	-0.936	0.898	24	47	-0.951921	0.906107
4	1034.39	32	51	-0.936	0.898	24	47	-0.95161	0.905383	Sucessful_selection
